{"cameraMode":{"drawMode":0,"name":"Shaded","section":"Shading Mode"},"sceneLighting":false,"audioPlay":false,"sceneViewState":{"showFog":true,"showMaterialUpdate":true,"showSkybox":true,"showFlares":true,"showImageEffects":true,"showParticleSystems":true},"in2DMode":false,"pivot":{"x":-27.5,"y":12.117012023925782,"z":18.000022888183595},"rotation":{"x":0.2706242799758911,"y":-0.6480433940887451,"z":0.2654646337032318,"w":0.6605688333511353},"size":631.9287719726563,"orthographic":false}