{"cameraMode":{"drawMode":0,"name":"Shaded","section":"Shading Mode"},"sceneLighting":false,"audioPlay":false,"sceneViewState":{"showFog":true,"showMaterialUpdate":true,"showSkybox":true,"showFlares":true,"showImageEffects":true,"showParticleSystems":true},"in2DMode":false,"pivot":{"x":-8.972838401794434,"y":-8.901472091674805,"z":31.891454696655275},"rotation":{"x":-0.12882262468338014,"y":0.04433959722518921,"z":-0.005761667620390654,"w":-0.9906788468360901},"size":53.3458251953125,"orthographic":false}