{"cameraMode":{"drawMode":0,"name":"Shaded","section":"Shading Mode"},"sceneLighting":false,"audioPlay":false,"sceneViewState":{"showFog":true,"showMaterialUpdate":true,"showSkybox":true,"showFlares":true,"showImageEffects":true,"showParticleSystems":true},"in2DMode":false,"pivot":{"x":-16.43480682373047,"y":92.41144561767578,"z":84.69271850585938},"rotation":{"x":-0.0008616879931651056,"y":-0.94834303855896,"z":0.3172326683998108,"w":-0.002566356211900711},"size":46.37392807006836,"orthographic":false}