{"cameraMode":{"drawMode":0,"name":"Shaded","section":"Shading Mode"},"sceneLighting":false,"audioPlay":false,"sceneViewState":{"showFog":true,"showMaterialUpdate":true,"showSkybox":true,"showFlares":true,"showImageEffects":true,"showParticleSystems":true},"in2DMode":false,"pivot":{"x":-51.72246170043945,"y":-5.558528900146484,"z":-0.2692222595214844},"rotation":{"x":-0.30580437183380129,"y":0.6278835535049439,"z":-0.29429885745048525,"w":-0.6524313688278198},"size":72.39347839355469,"orthographic":false}