{"cameraMode":{"drawMode":0,"name":"Shaded","section":"Shading Mode"},"sceneLighting":false,"audioPlay":false,"sceneViewState":{"showFog":true,"showMaterialUpdate":true,"showSkybox":true,"showFlares":true,"showImageEffects":true,"showParticleSystems":true},"in2DMode":false,"pivot":{"x":7.3158087730407719,"y":-0.16233757138252259,"z":31.228639602661134},"rotation":{"x":-0.06018883362412453,"y":-0.05265249311923981,"z":0.0031834144610911609,"w":-0.9968088269233704},"size":56.13439178466797,"orthographic":false}