{"cameraMode":{"drawMode":0,"name":"Shaded","section":"Shading Mode"},"sceneLighting":false,"audioPlay":false,"sceneViewState":{"showFog":true,"showMaterialUpdate":true,"showSkybox":true,"showFlares":true,"showImageEffects":true,"showParticleSystems":true},"in2DMode":false,"pivot":{"x":0.00029099732637405396,"y":1.4069247245788575,"z":-0.00344143807888031},"rotation":{"x":-0.08899575471878052,"y":0.8139163851737976,"z":-0.12953947484493257,"w":-0.5594005584716797},"size":0.33303287625312807,"orthographic":false}