{"cameraMode":{"drawMode":0,"name":"Shaded","section":"Shading Mode"},"sceneLighting":false,"audioPlay":false,"sceneViewState":{"showFog":true,"showMaterialUpdate":true,"showSkybox":true,"showFlares":true,"showImageEffects":true,"showParticleSystems":true},"in2DMode":false,"pivot":{"x":0.027075542137026788,"y":0.07502061128616333,"z":0.07726266980171204},"rotation":{"x":0.0019546805415302517,"y":0.998050332069397,"z":-0.045257262885570529,"w":0.04433726519346237},"size":0.21533319354057313,"orthographic":false}