{"cameraMode":{"drawMode":0,"name":"Shaded","section":"Shading Mode"},"sceneLighting":false,"audioPlay":false,"sceneViewState":{"showFog":true,"showMaterialUpdate":true,"showSkybox":true,"showFlares":true,"showImageEffects":true,"showParticleSystems":true},"in2DMode":false,"pivot":{"x":4.76837158203125e-7,"y":1.999999761581421,"z":2.980232238769531e-7},"rotation":{"x":-0.21575698256492616,"y":-0.055924803018569949,"z":0.012323771603405476,"w":-0.9748275279998779},"size":13.045282363891602,"orthographic":false}