{"cameraMode":{"drawMode":0,"name":"Shaded","section":"Shading Mode"},"sceneLighting":true,"audioPlay":false,"sceneViewState":{"showFog":true,"showMaterialUpdate":true,"showSkybox":true,"showFlares":true,"showImageEffects":true,"showParticleSystems":true},"in2DMode":false,"pivot":{"x":-21.706920623779298,"y":-26.60294532775879,"z":-8.483962059020996},"rotation":{"x":-0.010780985467135907,"y":-0.9890221357345581,"z":0.10757803916931153,"w":-0.10159512609243393},"size":43.72990036010742,"orthographic":false}